,RID
0,2
1,3
2,3
3,3
4,3
5,4
6,4
7,4
8,4
9,5
10,5
11,5
12,5
13,6
14,6
15,6
16,6
17,6
18,6
19,7
20,7
21,7
22,8
23,8
24,10
25,10
26,10
27,10
28,14
29,14
30,14
31,14
32,14
33,15
34,15
35,15
36,15
37,15
38,16
39,16
40,16
41,16
42,19
43,19
44,19
45,21
46,21
47,21
48,22
49,22
50,22
51,22
52,23
53,23
54,23
55,23
56,29
57,29
58,29
59,29
60,30
61,30
62,30
63,30
64,31
65,31
66,31
67,31
68,31
69,35
70,35
71,35
72,35
73,35
74,38
75,38
76,38
77,40
78,40
79,40
80,40
81,40
82,41
83,41
84,41
85,41
86,41
87,41
88,42
89,42
90,42
91,42
92,42
93,42
94,43
95,43
96,43
97,43
98,44
99,44
100,45
101,45
102,47
103,47
104,47
105,47
106,48
107,48
108,48
109,48
110,48
111,50
112,50
113,50
114,50
115,50
116,50
117,51
118,51
119,51
120,51
121,51
122,51
123,53
124,53
125,53
126,53
127,54
128,54
129,54
130,54
131,54
132,56
133,56
134,56
135,57
136,57
137,57
138,57
139,58
140,58
141,58
142,58
143,58
144,59
145,59
146,59
147,60
148,60
149,60
150,61
151,61
152,61
153,61
154,61
155,66
156,66
157,66
158,66
159,66
160,67
161,67
162,67
163,67
164,68
165,68
166,68
167,68
168,68
169,69
170,69
171,69
172,69
173,69
174,70
175,70
176,70
177,72
178,72
179,72
180,72
181,74
182,74
183,74
184,74
185,74
186,76
187,76
188,76
189,77
190,77
191,77
192,77
193,77
194,78
195,78
196,78
197,78
198,80
199,80
200,80
201,81
202,81
203,81
204,81
205,81
206,83
207,83
208,83
209,83
210,84
211,84
212,84
213,84
214,86
215,86
216,86
217,86
218,86
219,87
220,87
221,87
222,87
223,88
224,88
225,88
226,89
227,89
228,89
229,89
230,89
231,90
232,90
233,90
234,90
235,90
236,91
237,91
238,91
239,91
240,93
241,93
242,93
243,94
244,94
245,94
246,94
247,95
248,95
249,95
250,96
251,96
252,96
253,96
254,96
255,97
256,97
257,97
258,97
259,98
260,98
261,98
262,101
263,101
264,101
265,101
266,101
267,101
268,102
269,102
270,102
271,102
272,102
273,103
274,106
275,106
276,106
277,106
278,107
279,107
280,107
281,107
282,107
283,107
284,108
285,108
286,108
287,108
288,108
289,108
290,109
291,109
292,109
293,109
294,110
295,110
296,111
297,111
298,111
299,112
300,112
301,112
302,112
303,112
304,112
305,113
306,113
307,113
308,113
309,116
310,116
311,116
312,116
313,116
314,116
315,118
316,118
317,118
318,118
319,118
320,120
321,120
322,120
323,120
324,120
325,123
326,123
327,123
328,123
329,123
330,125
331,125
332,125
333,125
334,125
335,126
336,126
337,126
338,126
339,126
340,126
341,127
342,127
343,127
344,127
345,127
346,128
347,128
348,128
349,128
350,128
351,128
352,129
353,129
354,129
355,129
356,130
357,130
358,130
359,130
360,130
361,135
362,135
363,135
364,135
365,138
366,138
367,138
368,139
369,139
370,139
371,139
372,141
373,141
374,141
375,141
376,141
377,141
378,142
379,142
380,142
381,142
382,142
383,142
384,147
385,147
386,147
387,147
388,149
389,149
390,149
391,149
392,150
393,150
394,150
395,150
396,150
397,150
398,155
399,155
400,155
401,155
402,155
403,155
404,156
405,156
406,156
407,156
408,156
409,158
410,158
411,158
412,158
413,158
414,158
415,159
416,159
417,159
418,159
419,160
420,160
421,160
422,160
423,160
424,160
425,161
426,161
427,162
428,162
429,162
430,166
431,166
432,166
433,166
434,166
435,167
436,167
437,167
438,168
439,168
440,169
441,169
442,169
443,169
444,169
445,169
446,171
447,171
448,171
449,171
450,171
451,172
452,172
453,172
454,172
455,173
456,173
457,173
458,173
459,173
460,176
461,176
462,176
463,176
464,177
465,177
466,177
467,177
468,178
469,179
470,179
471,179
472,179
473,179
474,179
475,182
476,183
477,183
478,183
479,183
480,184
481,184
482,184
483,184
484,184
485,186
486,186
487,186
488,186
489,186
490,187
491,187
492,187
493,187
494,187
495,188
496,188
497,188
498,188
499,188
500,190
501,190
502,190
503,190
504,190
505,194
506,194
507,194
508,195
509,195
510,195
511,195
512,196
513,196
514,196
515,196
516,196
517,200
518,200
519,200
520,200
521,200
522,204
523,204
524,204
525,204
526,204
527,204
528,205
529,205
530,205
531,205
532,205
533,210
534,210
535,210
536,210
537,210
538,213
539,213
540,213
541,214
542,214
543,214
544,214
545,214
546,214
547,216
548,216
549,216
550,217
551,217
552,217
553,217
554,217
555,217
556,219
557,219
558,221
559,221
560,221
561,221
562,222
563,222
564,222
565,222
566,223
567,223
568,223
569,223
570,223
571,225
572,225
573,225
574,225
575,225
576,227
577,227
578,227
579,227
580,227
581,228
582,229
583,229
584,229
585,229
586,230
587,230
588,230
589,230
590,231
591,231
592,231
593,231
594,231
595,231
596,232
597,232
598,232
599,232
600,240
601,240
602,240
603,240
604,241
605,241
606,241
607,241
608,243
609,243
610,245
611,245
612,249
613,249
614,249
615,249
616,249
617,249
618,256
619,256
620,256
621,256
622,256
623,256
624,257
625,257
626,257
627,258
628,258
629,258
630,258
631,258
632,259
633,259
634,259
635,259
636,259
637,260
638,260
639,260
640,260
641,260
642,262
643,262
644,262
645,262
646,262
647,266
648,266
649,266
650,266
651,269
652,269
653,269
654,269
655,269
656,269
657,272
658,272
659,272
660,272
661,276
662,276
663,276
664,276
665,276
666,276
667,282
668,282
669,282
670,282
671,283
672,283
673,283
674,283
675,283
676,284
677,284
678,284
679,285
680,285
681,285
682,285
683,286
684,286
685,286
686,286
687,288
688,289
689,289
690,289
691,289
692,289
693,290
694,290
695,290
696,290
697,291
698,291
699,291
700,291
701,291
702,291
703,292
704,292
705,292
706,292
707,292
708,292
709,293
710,293
711,293
712,293
713,293
714,293
715,294
716,294
717,294
718,294
719,294
720,294
721,295
722,295
723,295
724,295
725,295
726,296
727,296
728,296
729,296
730,296
731,298
732,298
733,298
734,298
735,298
736,299
737,299
738,299
739,300
740,300
741,300
742,300
743,301
744,301
745,301
746,301
747,301
748,303
749,303
750,303
751,303
752,303
753,304
754,307
755,307
756,307
757,307
758,307
759,310
760,310
761,310
762,311
763,311
764,311
765,311
766,312
767,312
768,312
769,314
770,314
771,314
772,314
773,314
774,314
775,315
776,315
777,315
778,315
779,316
780,316
781,316
782,316
783,319
784,319
785,321
786,321
787,321
788,324
789,324
790,324
791,324
792,324
793,324
794,325
795,325
796,325
797,325
798,326
799,326
800,326
801,326
802,326
803,326
804,327
805,327
806,327
807,327
808,328
809,328
810,328
811,328
812,331
813,331
814,331
815,331
816,331
817,331
818,332
819,332
820,332
821,335
822,335
823,335
824,336
825,336
826,336
827,336
828,337
829,337
830,337
831,337
832,337
833,339
834,341
835,341
836,341
837,341
838,343
839,343
840,343
841,343
842,344
843,344
844,344
845,344
846,344
847,351
848,351
849,351
850,351
851,351
852,351
853,352
854,352
855,352
856,352
857,352
858,354
859,354
860,354
861,356
862,356
863,359
864,359
865,359
866,359
867,360
868,361
869,361
870,361
871,361
872,361
873,361
874,362
875,362
876,362
877,362
878,362
879,363
880,366
881,366
882,366
883,366
884,369
885,369
886,369
887,369
888,370
889,370
890,370
891,370
892,372
893,372
894,372
895,372
896,374
897,374
898,374
899,374
900,376
901,376
902,376
903,376
904,376
905,376
906,377
907,377
908,377
909,377
910,377
911,378
912,378
913,378
914,378
915,378
916,378
917,382
918,382
919,382
920,382
921,384
922,384
923,384
924,384
925,384
926,384
927,386
928,386
929,386
930,386
931,386
932,388
933,388
934,388
935,388
936,388
937,389
938,389
939,389
940,389
941,389
942,390
943,390
944,390
945,390
946,392
947,392
948,392
949,393
950,393
951,393
952,393
953,394
954,394
955,394
956,394
957,397
958,397
959,400
960,400
961,400
962,400
963,401
964,401
965,401
966,403
967,403
968,403
969,403
970,404
971,404
972,404
973,404
974,405
975,405
976,406
977,406
978,406
979,406
980,406
981,407
982,408
983,408
984,408
985,408
986,408
987,408
988,409
989,409
990,410
991,410
992,410
993,410
994,413
995,413
996,413
997,413
998,413
999,414
1000,414
1001,414
1002,414
1003,414
1004,416
1005,416
1006,416
1007,416
1008,417
1009,417
1010,417
1011,419
1012,419
1013,419
1014,419
1015,420
1016,420
1017,420
1018,420
1019,422
1020,422
1021,422
1022,422
1023,423
1024,423
1025,423
1026,423
1027,424
1028,424
1029,424
1030,424
1031,424
1032,424
1033,425
1034,425
1035,425
1036,425
1037,426
1038,426
1039,426
1040,429
1041,429
1042,429
1043,429
1044,429
1045,431
1046,431
1047,431
1048,431
1049,433
1050,433
1051,433
1052,433
1053,433
1054,434
1055,434
1056,434
1057,434
1058,434
1059,436
1060,438
1061,441
1062,441
1063,441
1064,441
1065,441
1066,442
1067,442
1068,442
1069,443
1070,443
1071,443
1072,443
1073,443
1074,445
1075,446
1076,446
1077,446
1078,448
1079,448
1080,448
1081,448
1082,448
1083,449
1084,449
1085,449
1086,449
1087,450
1088,450
1089,450
1090,450
1091,454
1092,454
1093,454
1094,454
1095,454
1096,457
1097,457
1098,457
1099,458
1100,458
1101,458
1102,459
1103,459
1104,459
1105,459
1106,459
1107,460
1108,461
1109,461
1110,461
1111,461
1112,464
1113,464
1114,464
1115,464
1116,464
1117,467
1118,467
1119,467
1120,467
1121,469
1122,470
1123,470
1124,470
1125,470
1126,472
1127,472
1128,472
1129,472
1130,473
1131,473
1132,473
1133,473
1134,473
1135,474
1136,474
1137,474
1138,474
1139,476
1140,476
1141,478
1142,478
1143,478
1144,479
1145,479
1146,479
1147,479
1148,481
1149,481
1150,481
1151,481
1152,481
1153,484
1154,485
1155,485
1156,485
1157,485
1158,487
1159,487
1160,487
1161,487
1162,488
1163,488
1164,488
1165,488
1166,488
1167,489
1168,489
1169,492
1170,493
1171,493
1172,493
1173,493
1174,497
1175,497
1176,497
1177,497
1178,498
1179,498
1180,498
1181,498
1182,500
1183,500
1184,500
1185,500
1186,501
1187,501
1188,501
1189,501
1190,501
1191,502
1192,502
1193,502
1194,502
1195,502
1196,505
1197,505
1198,505
1199,505
1200,506
1201,507
1202,507
1203,507
1204,507
1205,507
1206,511
1207,511
1208,511
1209,511
1210,511
1211,513
1212,513
1213,513
1214,513
1215,513
1216,513
1217,514
1218,514
1219,514
1220,514
1221,514
1222,516
1223,516
1224,516
1225,516
1226,517
1227,517
1228,517
1229,518
1230,518
1231,518
1232,518
1233,519
1234,519
1235,519
1236,519
1237,519
1238,520
1239,520
1240,520
1241,522
1242,522
1243,522
1244,522
1245,525
1246,525
1247,525
1248,525
1249,526
1250,526
1251,526
1252,526
1253,528
1254,528
1255,528
1256,531
1257,531
1258,531
1259,533
1260,533
1261,533
1262,534
1263,534
1264,534
1265,534
1266,535
1267,535
1268,535
1269,535
1270,538
1271,538
1272,538
1273,538
1274,539
1275,539
1276,539
1277,539
1278,542
1279,543
1280,543
1281,543
1282,544
1283,544
1284,544
1285,544
1286,544
1287,545
1288,545
1289,545
1290,545
1291,546
1292,546
1293,546
1294,546
1295,546
1296,547
1297,547
1298,547
1299,547
1300,548
1301,548
1302,548
1303,548
1304,549
1305,549
1306,549
1307,549
1308,551
1309,551
1310,551
1311,551
1312,551
1313,552
1314,552
1315,552
1316,552
1317,552
1318,553
1319,553
1320,553
1321,553
1322,554
1323,554
1324,554
1325,554
1326,555
1327,555
1328,555
1329,555
1330,557
1331,557
1332,557
1333,557
1334,557
1335,557
1336,558
1337,558
1338,558
1339,558
1340,559
1341,559
1342,559
1343,559
1344,563
1345,563
1346,563
1347,563
1348,565
1349,565
1350,565
1351,565
1352,566
1353,566
1354,566
1355,566
1356,566
1357,567
1358,567
1359,567
1360,567
1361,568
1362,568
1363,568
1364,568
1365,568
1366,572
1367,572
1368,572
1369,572
1370,572
1371,575
1372,575
1373,575
1374,575
1375,576
1376,576
1377,576
1378,577
1379,577
1380,577
1381,577
1382,578
1383,578
1384,578
1385,578
1386,579
1387,579
1388,579
1389,579
1390,579
1391,588
1392,588
1393,588
1394,588
1395,588
1396,590
1397,592
1398,598
1399,598
1400,598
1401,601
1402,601
1403,601
1404,601
1405,602
1406,602
1407,602
1408,602
1409,604
1410,604
1411,604
1412,604
1413,604
1414,605
1415,605
1416,605
1417,605
1418,606
1419,606
1420,606
1421,607
1422,607
1423,607
1424,607
1425,608
1426,608
1427,608
1428,608
1429,608
1430,610
1431,610
1432,610
1433,610
1434,611
1435,611
1436,611
1437,611
1438,613
1439,618
1440,618
1441,618
1442,618
1443,619
1444,619
1445,619
1446,619
1447,621
1448,621
1449,621
1450,621
1451,621
1452,622
1453,622
1454,622
1455,622
1456,625
1457,625
1458,625
1459,625
1460,625
1461,626
1462,626
1463,626
1464,626
1465,626
1466,627
1467,627
1468,627
1469,629
1470,629
1471,629
1472,631
1473,631
1474,631
1475,631
1476,631
1477,633
1478,633
1479,633
1480,633
1481,634
1482,634
1483,634
1484,634
1485,634
1486,637
1487,637
1488,637
1489,637
1490,638
1491,638
1492,638
1493,638
1494,640
1495,641
1496,642
1497,642
1498,642
1499,643
1500,643
1501,643
1502,643
1503,644
1504,644
1505,644
1506,644
1507,647
1508,647
1509,647
1510,647
1511,648
1512,648
1513,648
1514,648
1515,649
1516,649
1517,649
1518,649
1519,649
1520,653
1521,656
1522,656
1523,656
1524,656
1525,656
1526,657
1527,657
1528,657
1529,658
1530,658
1531,658
1532,658
1533,658
1534,667
1535,667
1536,667
1537,667
1538,667
1539,668
1540,668
1541,668
1542,668
1543,669
1544,669
1545,669
1546,669
1547,669
1548,671
1549,671
1550,671
1551,671
1552,671
1553,672
1554,672
1555,672
1556,672
1557,673
1558,673
1559,673
1560,673
1561,673
1562,675
1563,675
1564,675
1565,675
1566,677
1567,677
1568,677
1569,677
1570,679
1571,679
1572,679
1573,679
1574,679
1575,680
1576,680
1577,680
1578,680
1579,681
1580,681
1581,681
1582,682
1583,682
1584,682
1585,682
1586,684
1587,684
1588,684
1589,685
1590,685
1591,685
1592,685
1593,686
1594,686
1595,686
1596,686
1597,689
1598,689
1599,689
1600,689
1601,690
1602,690
1603,690
1604,690
1605,691
1606,691
1607,692
1608,692
1609,692
1610,692
1611,695
1612,695
1613,695
1614,695
1615,695
1616,696
1617,696
1618,697
1619,697
1620,698
1621,698
1622,698
1623,698
1624,698
1625,702
1626,702
1627,702
1628,702
1629,702
1630,708
1631,708
1632,708
1633,708
1634,708
1635,709
1636,709
1637,709
1638,709
1639,711
1640,711
1641,711
1642,712
1643,712
1644,712
1645,717
1646,717
1647,717
1648,717
1649,718
1650,718
1651,718
1652,718
1653,718
1654,720
1655,720
1656,720
1657,721
1658,721
1659,722
1660,722
1661,722
1662,722
1663,722
1664,723
1665,723
1666,723
1667,723
1668,723
1669,724
1670,724
1671,724
1672,724
1673,725
1674,725
1675,725
1676,725
1677,725
1678,726
1679,726
1680,726
1681,727
1682,727
1683,727
1684,727
1685,729
1686,729
1687,729
1688,729
1689,729
1690,730
1691,730
1692,730
1693,730
1694,731
1695,731
1696,731
1697,731
1698,733
1699,733
1700,733
1701,733
1702,734
1703,734
1704,734
1705,734
1706,739
1707,739
1708,739
1709,739
1710,740
1711,740
1712,741
1713,741
1714,741
1715,741
1716,743
1717,746
1718,746
1719,746
1720,746
1721,746
1722,747
1723,747
1724,748
1725,748
1726,748
1727,748
1728,748
1729,750
1730,750
1731,750
1732,750
1733,750
1734,751
1735,751
1736,751
1737,752
1738,752
1739,752
1740,752
1741,753
1742,753
1743,753
1744,753
1745,754
1746,754
1747,754
1748,754
1749,759
1750,759
1751,759
1752,759
1753,760
1754,760
1755,760
1756,760
1757,761
1758,767
1759,767
1760,767
1761,767
1762,768
1763,768
1764,768
1765,768
1766,769
1767,769
1768,769
1769,769
1770,770
1771,770
1772,770
1773,770
1774,771
1775,771
1776,771
1777,771
1778,771
1779,777
1780,778
1781,778
1782,778
1783,778
1784,779
1785,779
1786,779
1787,779
1788,782
1789,782
1790,782
1791,782
1792,782
1793,783
1794,783
1795,783
1796,783
1797,783
1798,784
1799,784
1800,784
1801,784
1802,786
1803,786
1804,786
1805,786
1806,790
1807,790
1808,790
1809,792
1810,792
1811,792
1812,792
1813,792
1814,793
1815,793
1816,793
1817,793
1818,796
1819,796
1820,796
1821,800
1822,800
1823,800
1824,800
1825,800
1826,802
1827,802
1828,802
1829,802
1830,803
1831,803
1832,803
1833,810
1834,810
1835,810
1836,812
1837,812
1838,813
1839,813
1840,813
1841,813
1842,814
1843,814
1844,814
1845,814
1846,816
1847,816
1848,818
1849,818
1850,818
1851,818
1852,821
1853,821
1854,824
1855,824
1856,824
1857,824
1858,825
1859,825
1860,825
1861,828
1862,829
1863,829
1864,829
1865,829
1866,830
1867,830
1868,830
1869,830
1870,830
1871,832
1872,832
1873,832
1874,832
1875,834
1876,834
1877,834
1878,834
1879,834
1880,835
1881,835
1882,835
1883,835
1884,835
1885,836
1886,836
1887,836
1888,839
1889,839
1890,839
1891,839
1892,839
1893,841
1894,841
1895,842
1896,842
1897,842
1898,842
1899,843
1900,843
1901,843
1902,843
1903,844
1904,845
1905,845
1906,845
1907,845
1908,850
1909,850
1910,850
1911,850
1912,851
1913,851
1914,852
1915,852
1916,852
1917,853
1918,853
1919,853
1920,855
1921,855
1922,855
1923,855
1924,856
1925,856
1926,856
1927,856
1928,860
1929,860
1930,860
1931,861
1932,861
1933,861
1934,861
1935,862
1936,862
1937,862
1938,863
1939,863
1940,863
1941,865
1942,865
1943,865
1944,865
1945,865
1946,866
1947,866
1948,866
1949,867
1950,867
1951,867
1952,867
1953,869
1954,869
1955,869
1956,869
1957,869
1958,872
1959,872
1960,872
1961,872
1962,872
1963,873
1964,873
1965,873
1966,873
1967,873
1968,874
1969,874
1970,874
1971,874
1972,874
1973,876
1974,878
1975,878
1976,878
1977,878
1978,878
1979,880
1980,880
1981,880
1982,883
1983,883
1984,883
1985,884
1986,886
1987,886
1988,886
1989,887
1990,887
1991,887
1992,887
1993,887
1994,889
1995,889
1996,890
1997,890
1998,891
1999,891
2000,891
2001,891
2002,892
2003,892
2004,892
2005,892
2006,896
2007,896
2008,896
2009,898
2010,898
2011,898
2012,898
2013,899
2014,899
2015,904
2016,904
2017,904
2018,904
2019,904
2020,906
2021,906
2022,906
2023,906
2024,906
2025,907
2026,907
2027,907
2028,907
2029,908
2030,908
2031,908
2032,908
2033,908
2034,909
2035,909
2036,909
2037,909
2038,909
2039,912
2040,912
2041,912
2042,912
2043,913
2044,913
2045,913
2046,913
2047,914
2048,914
2049,914
2050,914
2051,914
2052,915
2053,915
2054,915
2055,915
2056,916
2057,916
2058,916
2059,917
2060,917
2061,919
2062,919
2063,919
2064,919
2065,919
2066,920
2067,920
2068,920
2069,921
2070,921
2071,921
2072,921
2073,921
2074,922
2075,922
2076,922
2077,922
2078,923
2079,923
2080,923
2081,924
2082,924
2083,925
2084,925
2085,925
2086,925
2087,925
2088,926
2089,926
2090,926
2091,926
2092,928
2093,928
2094,928
2095,928
2096,929
2097,930
2098,930
2099,930
2100,931
2101,931
2102,932
2103,932
2104,932
2105,932
2106,932
2107,934
2108,934
2109,934
2110,934
2111,938
2112,938
2113,938
2114,938
2115,941
2116,941
2117,941
2118,941
2119,941
2120,945
2121,945
2122,945
2123,945
2124,945
2125,947
2126,947
2127,947
2128,947
2129,950
2130,950
2131,950
2132,950
2133,950
2134,951
2135,951
2136,951
2137,951
2138,954
2139,954
2140,954
2141,955
2142,955
2143,956
2144,956
2145,956
2146,957
2147,957
2148,961
2149,961
2150,961
2151,961
2152,961
2153,963
2154,963
2155,963
2156,963
2157,967
2158,967
2159,967
2160,967
2161,969
2162,969
2163,969
2164,972
2165,972
2166,972
2167,972
2168,973
2169,973
2170,973
2171,973
2172,973
2173,976
2174,976
2175,976
2176,976
2177,976
2178,976
2179,978
2180,978
2181,978
2182,978
2183,978
2184,979
2185,979
2186,979
2187,979
2188,981
2189,981
2190,981
2191,981
2192,982
2193,982
2194,982
2195,982
2196,984
2197,984
2198,984
2199,984
2200,984
2201,985
2202,985
2203,985
2204,987
2205,987
2206,989
2207,989
2208,989
2209,989
2210,991
2211,991
2212,991
2213,991
2214,994
2215,994
2216,994
2217,994
2218,994
2219,995
2220,995
2221,995
2222,995
2223,995
2224,996
2225,996
2226,997
2227,997
2228,997
2229,997
2230,997
2231,997
2232,999
2233,999
2234,1001
2235,1001
2236,1001
2237,1002
2238,1002
2239,1002
2240,1002
2241,1002
2242,1004
2243,1004
2244,1004
2245,1004
2246,1007
2247,1007
2248,1007
2249,1007
2250,1007
2251,1009
2252,1009
2253,1009
2254,1009
2255,1010
2256,1010
2257,1010
2258,1010
2259,1010
2260,1013
2261,1013
2262,1014
2263,1014
2264,1015
2265,1015
2266,1016
2267,1016
2268,1016
2269,1016
2270,1018
2271,1018
2272,1018
2273,1018
2274,1021
2275,1021
2276,1023
2277,1023
2278,1023
2279,1023
2280,1023
2281,1024
2282,1024
2283,1027
2284,1027
2285,1027
2286,1028
2287,1028
2288,1028
2289,1028
2290,1028
2291,1030
2292,1030
2293,1030
2294,1030
2295,1030
2296,1031
2297,1031
2298,1031
2299,1031
2300,1032
2301,1032
2302,1032
2303,1032
2304,1033
2305,1033
2306,1033
2307,1034
2308,1034
2309,1034
2310,1034
2311,1034
2312,1035
2313,1035
2314,1035
2315,1035
2316,1037
2317,1037
2318,1038
2319,1038
2320,1040
2321,1040
2322,1041
2323,1041
2324,1041
2325,1041
2326,1043
2327,1043
2328,1043
2329,1043
2330,1044
2331,1044
2332,1044
2333,1045
2334,1045
2335,1045
2336,1045
2337,1046
2338,1046
2339,1046
2340,1046
2341,1046
2342,1051
2343,1051
2344,1052
2345,1052
2346,1052
2347,1054
2348,1054
2349,1054
2350,1054
2351,1054
2352,1055
2353,1055
2354,1056
2355,1056
2356,1056
2357,1057
2358,1057
2359,1057
2360,1057
2361,1057
2362,1059
2363,1059
2364,1059
2365,1062
2366,1062
2367,1062
2368,1062
2369,1063
2370,1063
2371,1063
2372,1063
2373,1066
2374,1066
2375,1066
2376,1066
2377,1066
2378,1070
2379,1070
2380,1070
2381,1070
2382,1070
2383,1072
2384,1072
2385,1072
2386,1072
2387,1072
2388,1073
2389,1073
2390,1073
2391,1073
2392,1073
2393,1073
2394,1074
2395,1074
2396,1074
2397,1074
2398,1075
2399,1075
2400,1075
2401,1077
2402,1077
2403,1077
2404,1077
2405,1077
2406,1078
2407,1078
2408,1078
2409,1078
2410,1078
2411,1078
2412,1079
2413,1079
2414,1080
2415,1080
2416,1080
2417,1080
2418,1080
2419,1081
2420,1081
2421,1081
2422,1081
2423,1082
2424,1082
2425,1082
2426,1082
2427,1083
2428,1083
2429,1086
2430,1088
2431,1088
2432,1088
2433,1090
2434,1090
2435,1092
2436,1092
2437,1092
2438,1092
2439,1094
2440,1094
2441,1094
2442,1095
2443,1095
2444,1095
2445,1097
2446,1097
2447,1097
2448,1097
2449,1097
2450,1098
2451,1098
2452,1098
2453,1098
2454,1099
2455,1099
2456,1099
2457,1101
2458,1101
2459,1101
2460,1102
2461,1102
2462,1103
2463,1103
2464,1103
2465,1103
2466,1104
2467,1104
2468,1106
2469,1106
2470,1106
2471,1106
2472,1109
2473,1109
2474,1109
2475,1109
2476,1113
2477,1113
2478,1114
2479,1114
2480,1114
2481,1114
2482,1114
2483,1116
2484,1116
2485,1116
2486,1116
2487,1117
2488,1117
2489,1117
2490,1117
2491,1118
2492,1118
2493,1118
2494,1118
2495,1118
2496,1118
2497,1119
2498,1119
2499,1119
2500,1120
2501,1120
2502,1120
2503,1120
2504,1121
2505,1121
2506,1121
2507,1121
2508,1121
2509,1121
2510,1122
2511,1122
2512,1122
2513,1122
2514,1122
2515,1122
2516,1123
2517,1123
2518,1123
2519,1123
2520,1123
2521,1126
2522,1126
2523,1126
2524,1126
2525,1126
2526,1130
2527,1130
2528,1130
2529,1130
2530,1130
2531,1131
2532,1131
2533,1131
2534,1131
2535,1131
2536,1133
2537,1133
2538,1133
2539,1133
2540,1133
2541,1135
2542,1135
2543,1135
2544,1135
2545,1135
2546,1137
2547,1137
2548,1137
2549,1138
2550,1138
2551,1140
2552,1140
2553,1140
2554,1140
2555,1140
2556,1140
2557,1144
2558,1144
2559,1144
2560,1144
2561,1148
2562,1148
2563,1148
2564,1148
2565,1149
2566,1152
2567,1152
2568,1154
2569,1154
2570,1155
2571,1155
2572,1155
2573,1155
2574,1155
2575,1157
2576,1157
2577,1157
2578,1157
2579,1161
2580,1161
2581,1164
2582,1164
2583,1164
2584,1165
2585,1165
2586,1165
2587,1165
2588,1165
2589,1168
2590,1168
2591,1168
2592,1168
2593,1169
2594,1169
2595,1169
2596,1169
2597,1169
2598,1170
2599,1170
2600,1170
2601,1171
2602,1171
2603,1171
2604,1171
2605,1175
2606,1175
2607,1175
2608,1175
2609,1182
2610,1182
2611,1182
2612,1182
2613,1182
2614,1182
2615,1183
2616,1183
2617,1183
2618,1184
2619,1185
2620,1185
2621,1186
2622,1186
2623,1186
2624,1186
2625,1186
2626,1187
2627,1187
2628,1187
2629,1187
2630,1187
2631,1188
2632,1188
2633,1188
2634,1188
2635,1188
2636,1188
2637,1190
2638,1190
2639,1190
2640,1190
2641,1191
2642,1192
2643,1194
2644,1194
2645,1194
2646,1194
2647,1194
2648,1195
2649,1195
2650,1195
2651,1195
2652,1197
2653,1197
2654,1197
2655,1197
2656,1199
2657,1200
2658,1200
2659,1200
2660,1201
2661,1201
2662,1202
2663,1202
2664,1202
2665,1202
2666,1202
2667,1203
2668,1203
2669,1203
2670,1203
2671,1204
2672,1204
2673,1205
2674,1205
2675,1205
2676,1205
2677,1206
2678,1206
2679,1206
2680,1206
2681,1206
2682,1209
2683,1209
2684,1209
2685,1209
2686,1210
2687,1211
2688,1211
2689,1211
2690,1212
2691,1212
2692,1213
2693,1213
2694,1213
2695,1213
2696,1213
2697,1215
2698,1215
2699,1215
2700,1215
2701,1217
2702,1217
2703,1217
2704,1217
2705,1218
2706,1218
2707,1218
2708,1218
2709,1221
2710,1221
2711,1221
2712,1221
2713,1222
2714,1222
2715,1222
2716,1222
2717,1222
2718,1224
2719,1224
2720,1224
2721,1224
2722,1224
2723,1224
2724,1225
2725,1225
2726,1225
2727,1225
2728,1226
2729,1226
2730,1226
2731,1226
2732,1226
2733,1227
2734,1227
2735,1227
2736,1227
2737,1227
2738,1231
2739,1231
2740,1232
2741,1232
2742,1232
2743,1232
2744,1232
2745,1240
2746,1240
2747,1240
2748,1240
2749,1240
2750,1241
2751,1241
2752,1241
2753,1242
2754,1242
2755,1242
2756,1243
2757,1243
2758,1243
2759,1244
2760,1244
2761,1245
2762,1245
2763,1246
2764,1246
2765,1246
2766,1246
2767,1246
2768,1247
2769,1247
2770,1247
2771,1247
2772,1247
2773,1248
2774,1249
2775,1249
2776,1249
2777,1249
2778,1249
2779,1250
2780,1250
2781,1250
2782,1251
2783,1251
2784,1251
2785,1251
2786,1253
2787,1253
2788,1254
2789,1254
2790,1254
2791,1255
2792,1255
2793,1255
2794,1256
2795,1256
2796,1256
2797,1257
2798,1260
2799,1260
2800,1260
2801,1260
2802,1260
2803,1260
2804,1261
2805,1261
2806,1261
2807,1261
2808,1261
2809,1262
2810,1262
2811,1262
2812,1263
2813,1265
2814,1265
2815,1265
2816,1265
2817,1265
2818,1267
2819,1267
2820,1267
2821,1267
2822,1268
2823,1268
2824,1268
2825,1268
2826,1268
2827,1269
2828,1269
2829,1269
2830,1269
2831,1269
2832,1271
2833,1271
2834,1271
2835,1271
2836,1275
2837,1275
2838,1275
2839,1276
2840,1276
2841,1276
2842,1277
2843,1277
2844,1277
2845,1279
2846,1279
2847,1279
2848,1279
2849,1279
2850,1280
2851,1280
2852,1280
2853,1280
2854,1280
2855,1281
2856,1281
2857,1281
2858,1281
2859,1282
2860,1282
2861,1282
2862,1282
2863,1282
2864,1282
2865,1283
2866,1283
2867,1283
2868,1284
2869,1284
2870,1284
2871,1285
2872,1285
2873,1285
2874,1285
2875,1286
2876,1286
2877,1286
2878,1286
2879,1288
2880,1288
2881,1288
2882,1288
2883,1289
2884,1289
2885,1290
2886,1290
2887,1290
2888,1292
2889,1292
2890,1292
2891,1292
2892,1293
2893,1293
2894,1293
2895,1293
2896,1294
2897,1294
2898,1295
2899,1295
2900,1296
2901,1296
2902,1296
2903,1299
2904,1299
2905,1299
2906,1299
2907,1299
2908,1299
2909,1300
2910,1300
2911,1300
2912,1300
2913,1300
2914,1300
2915,1301
2916,1301
2917,1301
2918,1301
2919,1301
2920,1304
2921,1304
2922,1306
2923,1307
2924,1307
2925,1307
2926,1307
2927,1308
2928,1308
2929,1308
2930,1308
2931,1309
2932,1309
2933,1309
2934,1309
2935,1309
2936,1311
2937,1311
2938,1311
2939,1311
2940,1314
2941,1314
2942,1314
2943,1314
2944,1315
2945,1315
2946,1315
2947,1315
2948,1315
2949,1315
2950,1318
2951,1318
2952,1318
2953,1318
2954,1318
2955,1318
2956,1321
2957,1321
2958,1321
2959,1321
2960,1321
2961,1322
2962,1322
2963,1322
2964,1326
2965,1326
2966,1326
2967,1326
2968,1330
2969,1330
2970,1331
2971,1331
2972,1334
2973,1334
2974,1337
2975,1337
2976,1337
2977,1338
2978,1339
2979,1339
2980,1339
2981,1339
2982,1340
2983,1341
2984,1341
2985,1341
2986,1343
2987,1343
2988,1343
2989,1346
2990,1346
2991,1346
2992,1346
2993,1346
2994,1350
2995,1350
2996,1351
2997,1351
2998,1351
2999,1351
3000,1351
3001,1351
3002,1352
3003,1352
3004,1352
3005,1354
3006,1354
3007,1357
3008,1366
3009,1368
3010,1368
3011,1368
3012,1368
3013,1371
3014,1371
3015,1371
3016,1371
3017,1373
3018,1373
3019,1373
3020,1377
3021,1377
3022,1378
3023,1378
3024,1379
3025,1379
3026,1379
3027,1380
3028,1380
3029,1380
3030,1380
3031,1380
3032,1382
3033,1382
3034,1382
3035,1382
3036,1384
3037,1384
3038,1384
3039,1384
3040,1384
3041,1385
3042,1385
3043,1385
3044,1385
3045,1387
3046,1387
3047,1387
3048,1387
3049,1389
3050,1389
3051,1389
3052,1389
3053,1389
3054,1393
3055,1393
3056,1393
3057,1394
3058,1394
3059,1394
3060,1394
3061,1394
3062,1394
3063,1397
3064,1397
3065,1397
3066,1398
3067,1398
3068,1398
3069,1398
3070,1400
3071,1400
3072,1402
3073,1402
3074,1402
3075,1406
3076,1406
3077,1406
3078,1407
3079,1407
3080,1407
3081,1408
3082,1408
3083,1409
3084,1409
3085,1411
3086,1412
3087,1412
3088,1412
3089,1414
3090,1414
3091,1414
3092,1414
3093,1417
3094,1417
3095,1417
3096,1417
3097,1418
3098,1418
3099,1418
3100,1418
3101,1418
3102,1419
3103,1419
3104,1419
3105,1419
3106,1420
3107,1420
3108,1421
3109,1421
3110,1421
3111,1421
3112,1423
3113,1423
3114,1423
3115,1425
3116,1425
3117,1425
3118,1425
3119,1426
3120,1426
3121,1427
3122,1427
3123,1427
3124,1427
3125,1430
3126,1430
3127,1435
